SMILES,Y,Plate
CN(C)[C@@H]1C2CC3CC4=C(C=CC(=C4C(=C3C(=O)[C@]2(C(=C(C1=O)C(=O)N)O)O)O)O)N(C)C.Cl,0,1
C1=CC=C(C=C1)C2=NNC3=CC=CC=C32,0,1
C1=CC(=C(C(=C1)Cl)CC(=O)NC2=CC=NC=C2)F,0,2
C1CSC2=NC=C(C(=O)N21)C(=O)NCCC3=CNC4=CC=CC=C43,0,1
CCN1C(=NN=C1SCC(=O)NC2=CC(=C(C=C2)N3CCOCC3)Cl)CC4=CC=CC=C4,0,2
C1CN(CCC1CC2=CC=CC=C2)C(=O)CSC3=NN=C(O3)CNC(=O)C4=CC=CC=C4F,0,1
CCC1=NN=C2N1C=NC3=C2C=NN3C4=CC=CC=C4,0,1
CN1C=CC=C1C2=NNC(=C2)C(=O)O,0,1
COC1=CC=C(C=C1)CC2=NC(=NO2)C3=CC=C(C=C3)Br,0,1
CC(C)(C)OC(=O)N1CCN(CC1)C2=CC=C(C=C2)NC(=O)CC3=NN(C(=O)C4=CC=CC=C43)C,0,2
CC1=CC(=NO1)NC(=O)C2=CC=C(C=C2)Cl,0,2
CCN(CC)S(=O)(=O)C1=CC=C(C=C1)NC(=O)C2=CC=CC3=C2C(=O)N(C3)CCOC,0,1
CCN1C=C(C2=CC=CC=C21)C3=NCC(O3)C,0,1
COC1=CC=CC=C1NC2=NC(=NC(=N2)N)CN3CCN(CC3)C4=CC=CC=C4F,0,2
CC(C)(C)N1C(=C2CSCC2=N1)NC(=O)COC3=CC=C(C=C3)Cl,0,1
CC(C)CC1C2C(C(=O)N(C2=O)C(C)C)C3(N1)C4=CC=CC=C4N(C3=O)C,0,1
CCN1C2=CC=CC=C2N(C1=N)CC(COC3=CC=CC(=C3)C)O.Cl,0,2
CC1=CC(=NC(=N1)SCC2=CC3=NON=C3C=C2)C,0,2
COC1=C(C=C(C=C1)C2=NO[C@H]3[C@@H]2C(=O)N(C3=O)C4=CC5=C(C=C4)OCCO5)OC,0,1
CC1(CC(=CC(=O)C1)NC2=CC=C(C=C2)F)C,0,2
CC(C)(C)C1CCC2=C(C1)SC3=C2C(=O)NC(N3)C4=CC=CO4,0,1
CC1=CC=C(O1)C(=O)OCC(=O)NC2=CC3=C(C=C2)OCO3,0,2
C1CN(CCC1C(=O)OCN2C(=O)C3=CC=CC=C3N=N2)S(=O)(=O)C4=CC=CS4,0,1
CC1=CC=C(C=C1)CNC(=O)CSC2=NNC(=N2)N,0,1
CC1=CC=C(C=C1)S(=O)(=O)N2C(CCC2=O)C(=O)NC3=CC4=C(C=C3)OCCO4,0,2
CCSC1=NN=C(S1)NC(=O)CSC2=NN=C(N2C3=CC=C(C=C3)C)CC4=CC=CN4C,0,2
CC(C)OC(=O)CN1C2=C(C=CC(=C2)C(=O)NC3CC3)OC(C1=O)(C)C,0,1
CCOC(=O)N1CCN(CC1)C2=CC(=O)N(C(=O)N2)C3=CC=CC=C3Cl,0,2
CC1=C(N=C(O1)C2=CC=C(C=C2)OC)CS(=O)CC(=O)NCC3=CC=CC=N3,0,2
CCOC(=O)C1CCCN(C1)C2=CC(=O)N(C(=O)N2)CC3=CC=C(C=C3)F,0,1
C1CN(CCN1C2=NC=CC=N2)C(=O)C3=CC4=C(C=C3)C5=NC6=CC=CC=C6N5C(=S)N4,0,2
CN1C(=O)C2(CC3=CC=CC=C3N4C2COCC4)C(=O)N(C1=O)C,0,2
CN1CCN(CC1)CCCN2C3=CC=CC=C3SC4=C2C=C(C=C4)Cl,0,2
CC1=NC2=CC=CC=C2C(=N1)NCC3=CC=CC=N3.Cl,0,2
CCCCN(C)CC1=C(NC2=C(C1=O)C=CC=C2Cl)C,0,1
CNCCC=C1C2=CC=CC=C2CCC3=CC=CC=C31.Cl,0,1
COC1=CC=C(C=C1)C2=NOC(=N2)C3=CC=CC=C3C(=O)NC4=CN=CC=C4,0,2
CCOC(=O)C1CCCN(C1)C(=O)C2=CC(=O)C3=CC=CC=C3O2,0,2
C1=CC=C(C=C1)CNC(=O)CCNNC(=O)C2=CC=NC=C2,0,1
CC(=O)NC1=CC=C(C=C1)S(=O)(=O)N2CCC(CC2)(C3=CC(=CC=C3)F)NC(=O)C,0,1
CCCCN1C(=O)C2=CC=CC=C2C(=N1)C(=O)N3CCC4=CC=CC=C43,0,2
CCN(CC)C1=CC=C(C=C1)N=C(C)C2=C(N(C(=O)NC2=O)CC=C)O,0,2
CC1=CC(=CC=C1)OCCNC(=O)C2=NC=NN2,0,1
CN1C2=C(C(=O)NC1=O)N(C(=N2)N3CCN(CC3)C4=CC=C(C=C4)OC)CCCC5=CC=CC=C5,0,2
C1CN(C(=O)N1CC2=C(C=C(C=C2)F)Cl)CC(=O)NCCCN3CCOCC3,0,2
CC1=CC(=NC(=C1C#N)SCC2=CC=C(C=C2)C#N)C,0,1
CC1=C(C(=O)N(N1C)C2=CC=CC=C2)NC(=O)C3=NOC4=C3CCC5=CC=CC=C54,0,2
CC1=CC(=CC(=C1)NC(=O)CSC2=NN=C(O2)CNC(=O)C3=CC(=C(C=C3)OC)OC)C,0,2
COC1=CC2=C(C=C1)NC(=O)C(=C2)CNC3CCCCC3,0,1
CC(=O)NC1=C(C=CC(=C1)C(=O)OC)Cl,0,1
C1CN(CC2=C1N3CCS(=O)(=O)N=C3S2)CC4=CC=CC=C4,0,2
CC(C)CNS(=O)(=O)C1=CC=C(C=C1)CCC(=O)N2CCOCC2,0,2
CC(C(=O)NC1=CC=CC(=C1)C(=O)C)NS(=O)(=O)C2=CC=C(C=C2)OC,0,2
CCOC(=O)C1=CC=C(C=C1)NC(=O)CCNC2=C(C(=O)C2=O)N3CCCC3,0,2
C1CN(CCN1C(C2=CC=CC=C2)C3=CC=CC=C3)C(=O)C4=NOC(=C4)C5=CC(=CC=C5)O,0,1
C1=CC(=CC=C1N2C3=NC=NC(=C3C=N2)NCCCN4C=CN=C4)Cl,0,2
CCCCOCCCNC(=O)C1=CC=CS1,0,1
CC(C)(C)C(=O)NC1CCN(CC1)C(=O)N2CCCC2,0,1
CCOC(=O)CN1CC23C=CC(O2)C(C3C1=O)C(=O)NC4=C(C=C(C=C4)OC)OC,0,1
CC1=C(C(=NO1)C2=CC=CC=C2Cl)C(=O)NCC3=CN=CC=C3,0,2
CC1(C2(CCC1(OC2=O)C(=O)NC3=CC=CC=C3C(=O)OC)C)C,0,1
C1=CC=C(C=C1)OC2=CC=CC(=C2)OCC(=O)NC3=NC=CC=N3,0,1
CCOC(=O)C1=CC(=CC=C1)NC(=O)CSC2=NN=C(N2C)C3CCCCC3,0,2
CC1=CC(=NC(=N1)N2C3=C(CC(C3)C(=C)C)C(=N2)C)C,0,1
C1=CSC(=C1)CC(=O)NCC2=CC=C(C=C2)F,0,2
CCN1C=C(C(=O)C2=C1C=CC(=C2)S(=O)(=O)N3CCOCC3)C(=O)N4CCCC4,0,1
CCC1=NC=CN1S(=O)(=O)C2=CC(=C(C=C2)C)C,0,1
COCCNC(=O)CN1CCN(C1=O)CC2=CC(=CC=C2)Cl,0,2
CC1=CC=C(C=C1)CN2C3=C(C=C(C2=N)C(=O)NCC4=CC=CO4)C(=O)N5C=CC=CC5=N3,0,2
CCOC(=O)C1=CC=C(C=C1)N2C(=O)C3CC=CCC3C2=O,0,1
CC1=C(NC(=O)NC1C2=C(C=C(C=C2)OC)OC)C(=O)OC,0,1
CC1=CC=C(C=C1)S(=O)(=O)N2CCN(CC2)CC3=CC=CC(=C3O)C,0,2
CC(C)OC1=CC=C(C=C1)CC2=C(NC(=O)NC2=O)O,0,1
CCCOC1=CC=CC(=C1)C2/C(=C(\C3=CC=C(C=C3)OC)/O)/C(=O)C(=O)N2CCN(C)C,0,2
CC1=CC=C(C=C1)C2/C(=C(\C3=CC=C(C=C3)OCC=C)/O)/C(=O)C(=O)N2CCN4CCOCC4,0,1
C1CCN(CC1)C2=C(N=C(O2)C3=CC=CC4=CC=CC=C43)C#N,0,2
C1=CC2=NC(=NC(=O)N2C=C1)C(F)(F)F,0,1
CCOC(=O)C1=C(OC2=C(C13C4=CC=CC5=C4N(C3=O)C(C=C5C)(C)C)C(=O)OC(=C2)C)N,0,2
C1=CC(=CN=C1)NC(=O)C2=CC=C(C=C2)NC(=O)C3=CC=CO3,0,2
C1CCC2=C(C1)C3=C(S2)N=NNC3=O,0,1
C=CCCCOC1=CC=C(C=C1)C(=O)O,0,2
CC1=C(SC2=C1C(=O)OC(=N2)C3=CC=CO3)C,0,1
CC1=C(C(=NO1)C)C(=O)N2CCN(CC2)CC3=CC4=C(C=C3)OCO4,0,2
CC(=O)C1=CC(=CC=C1)NC(=O)C2C3C=CC(C2C(=O)O)C4C3C4,0,2
CC1(CC2=C(C(=O)NC1)SC(=N2)NC(=O)CN3CCOCC3)C,0,1
CC1=C(C2=CC=CC=C2C(=C1)O)OC(=O)C,0,2
CC1=C(C(N2C(=NC=N2)N1)C3=CC=CC=C3OC)C(=O)N,0,2
CC(=O)NC1=CC=C(C=C1)S(=O)(=O)NCCSC2=CC=CC=N2,0,2
CC(=O)C1=CC2=C(C=C1NC(=O)CN3CCOCC3)OCO2,0,2
C1CCN(CC1)C2(CCN(CC2)C(=O)CSC3=NC(=CC(=O)N3)C(F)(F)F)C(=O)N,0,2
CC1=C(C=C(C=C1)NC(=O)C2C3CC4C2C(=O)OC4C3)Cl,0,2
CC1=C(C(=CC=C1)C)OCC(=O)NCC2=NN=C(N2C)SCC(=O)NC3CCCCC3,0,1
C1=CC2=C(C(=C1)S(=O)(=O)CCC(=O)O)N=CC=C2,0,2
C1=CC=C(C=C1)/C(=N/O)/NC(=O)NC2=CC=C(C=C2)Cl,0,2
CCOC(=O)C1=CC=C(C=C1)NC(=O)CC2COC3=CC=CC=C3O2,0,1
C1=COC(=C1)CN2C(=CC=C2C3=CC=C(C=C3)F)CCC(=O)O,0,1
CC1=CC(=NC(=N1)NC2=NNC(=N2)C3=CC=CC=C3Br)C,0,1
CCOC1=CC=C(C=C1)N2CC(CC2=O)C(=O)OC,0,2
CC1=C(C=CO1)C(=O)OC2=CC=CC(=C2)NC(=O)C,0,2
CC1=CC(=C(C=C1)OC)NC(=O)NC2CCN(CC2)CC3=CC=CC=C3,0,1
C1CCN(C1)C(=O)COC2=C(C=C(C=C2)Br)Cl,0,2
CCOC1=CC=CC=C1N2CCN(CC2)C(=O)NC3=CC(=CC=C3)Cl,0,1
CC1=CC(=NC(=C1C#N)N2CCN(CC2)CCOC3=CC=C(C=C3)Cl)C,0,1
CC(C1=CC2=C(C=C1)OCO2)NC(=O)C3=CN=CC=C3,0,2
CSC1=CC=C(C=C1)S(=O)(=O)NC2=CC(=C(C=C2)N3CCOCC3)Cl,0,2
CC1=C(C=CO1)C(=O)NC2=CC3=C(C=C2)OCCO3,0,1
C1=CC=C2C(=C1)N=CC(=N2)C3=CC=CS3,0,1
CCOC(=O)C1C(C2(CCCC2)OC1=O)C(=O)OCC,0,1
COC1=CC(=C(C=C1)OC)C(=O)C2CC(=O)OC2,0,1
CC1=C(C(=C(C=C1)S(=O)(=O)O)C)N2CCCC2=O,0,1
CC1=C(OC2=CC=CC=C12)C(=O)NCC3=CC=CS3,0,1
COC1=C(C=C(C=C1)NC(=O)CSC2=NN=C(N2C3=CC=CC=C3)CN4CCOCC4)Cl,0,2
CC1=CC=C(C=C1)NC2=NC(=NC(=N2)N)CSC3=NC=CN3C,0,2
C1=CC=C2C(=C1)C(=O)N(S2(=O)=O)CCC(=O)NCC3=CC=CO3,0,1
C1=CC(=CC=C1CN2C=C(C=N2)NC(=O)C3=NC=CN=C3)Cl,0,2
C1CCN(CC1)C2=NC(=NC(=N2)SCC(=O)N3CCC4=CC=CC=C43)N5CCCCC5,0,2
C1C=CCC(C1C(=O)NC23CC4CC(C2)CC(C4)C3)C(=O)O,0,1
CCOC1=CC2=C(C=C1)SC(=N2)NS(=O)(=O)C3=CC(=C(C=C3)OC)OC,0,1
CCOC1=CC=C(C=C1)NC(=O)CN2C(=O)C3CC=CCC3C2=O,0,2
C=CC1=CC(=CC=C1)NC(=O)COC2=CC=CC=C2,0,1
CC(C)CCNC(=O)C1CCCN(C1)S(=O)(=O)C2=CC=C(C=C2)F,0,2
CCN1C(=NN=C1SCC(=O)NCCC2=CC=CC=C2)CNC(=O)C3=CC=CS3,0,2
C1CCN(CC1)CC(=O)N2CC(=O)NC3=C(C2C4=CC=CC=C4)C=C(C=C3)Br,0,2
CCOC1=CC(=CC(=C1OCC)OCC)C(=O)NC2=NC=CN=C2,0,2
CC1=CC2=C(C=C1C)NC3=C(C(N2)C4=CN=CC=C4)C(=O)CC(C3)(C)C,0,2
CCC1=NN(C(=N1)C2=CC=CC=C2O)C3=CC=CC=C3,0,2
C1COCCN1C(=O)CN2C=C(C3=CC=CC=C32)C(=O)COC4=CC=CC=C4,0,1
COC1=CC=C(C=C1)C2=NOC(=N2)C3=CC=C(C=C3)Cl,0,2
CCON1C2=CC=CC=C2[N+](=C(C1=O)C3=CC4=CC=CC=C4O3)[O-],0,1
C1CCN(CC1)CC2=NC3=CC=CC=C3C(=O)N2N,0,2
CC(=O)NC1=CC=C(C=C1)S(=O)(=O)NC2=CC(=CC=C2)N(C)S(=O)(=O)C,0,2
C1=CC=C(C=C1)N2C(=NN=N2)OC3=CC=CC4=C3N=CC=C4,0,2
CC(C)(C)C(=O)NC1=CC=CC=C1N2CCN(CC2)C(=O)C3=CC=C(C=C3)Cl,0,1
CNC(=O)CN(C1CCCCC1)S(=O)(=O)C2=CC(=C(C=C2)OC)Cl,0,2
C1COCCN1CCCNC2=C(C(=O)N(C2=O)CCC3=CC=CC=C3)Cl,0,1
CC1(CC2=C(C(=O)C1)SC(=N2)NS(=O)(=O)CC3=CC=CC=C3)C,0,2
CC(=O)NC1=CC(=CC=C1)OCC(=O)NC2=CC=CC=C2,0,2
C1CC2=CC=CC=C2N(C3=CC=CC=C31)C(=O)CSC4=NN=C(O4)C5=CC=CO5,0,2
CC1=NC2=C(O1)C=CC(=C2)NC(=O)NCC3=CC4=C(C=C3)OCO4,0,2
CCCCN1C2=CC=CC=C2C(C1=O)NC(=O)C,0,1
C1COCCN1CN2C3=C(C=C(C=C3)Cl)C4=CC=CC=C42,0,1
CSC1=NC2=C(S1)C=C(C=C2)NS(=O)(=O)C3=CC=C(S3)Cl,0,1
CN(CC(=O)NC1=C(C(=C(C=C1)F)F)F)C2=NC=CN=C2,0,1
CC1=CC=C(O1)C(=O)/C=C/C2=CC=CC=C2,0,1
CC(C)C1NC(CC(=N1)C2=CC3=C(C=C2)OCO3)C4=CC=CC=C4O,0,2
COC1=CC=C(C=C1)OC2=CC=CC=C2/C=N/O,0,2
CC(CC1=CC=CS1)NC(=O)NC2=CC(=C(C=C2)Cl)Cl,0,2
CC1=CC(=C(C=C1)C)N2C(=NNC2=S)C3=CC4=C(C=C3)OCO4,0,2
CN=C1N(C2=CC=CC=C2S1)CC(COC3=CC=CC=C3)O,0,2
C1=CC=C2C(=C1)C=CC=C2OCC(=O)O/N=C(/CC3=CC=C(C=C3)[N+](=O)[O-])\N,0,1
CC1=C(OC(=C1)C(=O)NC2=CC=CC=C2)C,0,1
CC1=CC(=C(C=C1)C(=O)C2=CC=C(C=C2)[N+](=O)[O-])C,0,2
CC1=CC=C(C=C1)C(=O)COC(=O)CNC(=O)C2=CC=CO2,0,1
CN1C(=O)CSC2=C1C=C(C=C2)NC(=O)NC3=CC(=CC=C3)OC,0,1
CC1=CC(=NC2=C1C(=C(S2)S(=O)C3=CC=C(C=C3)C(C)(C)C)N)C,0,1
C1=C(C=C(C=C1Cl)Cl)NNC(=S)N,0,1
C1=CC(=CC=C1NCCNC2=NN=C(C=C2)Cl)[N+](=O)[O-],0,1
CC1=CC(=C(C=C1)C(C)C)OCCN.Cl,0,1
CN1C=CC=C1CNC(=O)NC2=CC=CC=C2,0,1
C1=CC=C(C(=C1)NC(=O)COC(=O)COC2=CC=CC=C2Cl)OC(F)F,0,1
CC1=C(C=CO1)C(=O)NNC(=O)C2=CC=C(C=C2)F,0,1
C1CCC(C1)N2C(=NN=N2)C(C3=CC=C(C=C3)Cl)N4CCN(CC4)CC5=CC=NC=C5,0,1
CC1(CC(=O)C(=C(C1C(=O)OC)O)C=NCC2=CC=CC=C2)C,0,1
CC(C12CC3CC(C1)CC(C3)C2)NC(=O)C45CC6CC(C4)CC(C6)(C5)N7C=NC=N7,0,2
C1=CC(=CN=C1)C2=NN=C(O2)C3=CC=CS3,0,2
CC1=CC(=NC2=CC(=NN12)NC3=CC=CC=C3)C,0,1
CN1CCC2=C(C1)SC3=C2C(=NC(=N3)SC)SCC(=O)N,0,2
C1CCN(C1)S(=O)(=O)C2=CC=C(C=C2)NC(=O)CCOC3=CC=CC=C3,0,1
CCOC(=O)CC1=C(C(C(=C(O1)N)C#N)C2=CN=CC=C2)C(=O)OCC,0,2
CC1(CC2=CC=CC=C2C3=NC4=CC=CC=C4C(=O)N31)C,0,1
CC1=C(C=C(C=C1)C2=NN=C(C3=CC=CC=C32)N4CCCCC4)S(=O)(=O)N5CCN(CC5)C,0,1
C1C(C2=CC3=C(C=C2NC1=O)OCO3)C4=CC5=C(C=C4)OCO5,0,1
CC1=CC(=NC(=N1)N/N=C/C2=CC=CO2)C,0,1
CC1=CC=C(C=C1)N(CCC#N)C(=O)CSC2=CC=C(C=C2)NC(=O)C,0,2
CC1=CC(=C(C=C1C(C)C)S(=O)(=O)NCCCN2C=CN=C2)OC,0,1
CCC1=NC(=C(C2=C1COC(C2)(C)C)C#N)N3CCN(CC3)C(=O)C4=CC=CC=C4,0,1
C[C@@]12C[C@@H](CC(C1)(C)C)N(C2)C(=O)C(CCSC)N3C(=O)C4=CC=CC=C4C3=O,0,2
CC1=NN=C(S1)SCSC2=NN=C(S2)C,0,1
COCC1=C2C(C(=C(OC2=NN1)N)C#N)C3=CC(=CC=C3)OC,0,2
C1=CC=C2C=C(C=CC2=C1)C(=O)COC(=O)C3=NC=CN=C3,0,1
C1CN(CCC1CC2=CC=CC=C2)CC(=O)NC(=O)NCC3=CC=CO3,0,1
CCCN1C(=CC(=C1C)C2=CSC(=N2)N)C.Cl,0,1
C1=CC=C(C(=C1)C(=O)NC2=CC=C(C=C2)F)F,0,2
CC(C)CC(=O)NC(C(Cl)(Cl)Cl)NCC1CCCO1,0,2
CC1=C(C=C(C=C1)C(C)C)OCCOCCN2CCCC2,0,2
C1OC2=C(O1)C=C(C=C2)/C=N\NS(=O)(=O)C3=CC=C(C=C3)Cl,0,2
C1CCC(=C(C1)C2=C(NC3=CC=CC=C32)O)N=O,0,1
CCO/C(=C\1/C2=CC=CC=C2NC1=O)/C,0,1
C1=CC=C(C=C1)NC(=S)NCCSCC2=CC=C(C=C2)Cl,0,2
CCCC(C1=CC=CC=C1)C(=O)NC2=NC=CS2,0,2
CN(C)C1=CC2=C(C=C1)C(C(=C(O2)N)C(=O)OC)C3=CC=CC=C3OC,0,2
C1=CC=NC(=C1)C(=O)OCC(=O)NC2=CC(=CC=C2)Cl,0,2
C1CCN(CC1)C(=O)C2=CC=C(C=C2)NC(=O)CCC(=O)O,0,2
CC1=C(C=NC2=CC3=C(C=C12)OCO3)C4=NN=NN4C5=CC=C(C=C5)OC,0,1
CC1=CC=C(C=C1)/C=C/C(=O)C2=CC=CC=C2,0,2
C1=CC=C(C=C1)C2=CN=NN2C3=CC=CC(=C3)N,0,1
CC1=C(C=CO1)C2=NN=C(N2CC3=CC=CC=C3)SCC(=O)NCCC4=CC=CC=C4,0,1
CCSC1=NC(=NC(=C1C#N)C2=CC=CS2)N,0,1
COC1=CC=C(C=C1)C2NC(=S)N3N2C(=S)NC3C4=CC=C(C=C4)OC,0,2
C1=CC=C(C=C1)N2N=C(C(=N2)C(=O)O)C3=NN(N=C3C(=O)O)C4=CC=CC=C4,0,2
CC(C)C(C(=O)OC(C)C(=O)NC1=C(C=C(C=N1)Cl)Cl)NC(=O)C2=CC=CO2,0,2
CCOC(=O)C1=C(OC(=O)C=C1C)C,0,2
COC1=CC=C(C=C1)C2=CC(=NC(=N2)S(=O)(=O)C)C(F)(F)F,0,2
CC1CCC2=C(C1)SC3=C2C(=O)N(N=N3)CC=C,0,2
CCCC1=CC(=O)NC(=N1)SCC2=CC=CC=C2Cl,0,2
C1CCC(CC1)C2=NN=C(S2)NC(=O)CS(=O)(=O)CC3=CC=CC=C3,0,1
CN1CCN(CC1)CC(=O)NC2=C(C=CC(=C2)C(=O)OC)Cl,0,1
COC1=CC=CC=C1NC(=O)CSC2=NN=C(N2CC3=CC=CO3)C4=CC=CO4,0,1
C1CC(N(C1)S(=O)(=O)C2=CC=C(C=C2)F)C(=O)NN3C=NN=C3,0,2
CN1C(=NN=C1SCC(=O)OC2CCCCC2)COC3=CC=CC(=C3)OC,0,1
C/C(=N\C1=NC2=CC=CC=C2N1C)/C3=C(C=CC(=C3)Cl)O,0,1
CCS(=O)(=O)C1=CC(=C(C=C1)O)NC(=O)COC2=CC=CC=C2,0,2
C1=CC=C(C(=C1)CS(=O)(=O)CC(COC2=CC=CC=C2Cl)O)Cl,0,1
C1CN(CCN1C2=CC=CC=N2)C(=O)CCC(=O)O,0,2
CC1=C(C=CO1)C(=O)NNC(=S)NCC(C)C,0,1
C1CCC2=C(C1)N=C(S2)P(=O)(C3=CC=CC=C3)NC4=C(C=CC=C4Cl)Cl,0,2
CCOC(=O)N1CCC(CC1)NC(=O)CN2C3=CC=CC=C3C4=C2C(=O)NN=C4,0,2
CCC(CC)NC(=O)CC1=CC=CC=C1OC,0,2
CC1=CC(=C(C=C1)C)CN2CCCNC2=O,0,1
CCOC1=CC=C(C=C1)S(=O)(=O)NCC2=CC=CO2,0,1
CCCCCCC(=O)C1=C(N(C(=O)NC1=O)CC=C)O,0,1
C=CCN1C=C(C(=O)C2=C1C=CC(=C2)S(=O)(=O)N3CCCCCC3)C(=O)NCC4CCCO4,0,2
C1OC2=C(O1)C=C(C=C2)CNC(=O)C3=CC=C(O3)CS(=O)(=O)C4=CC=CC(=C4)C(F)(F)F,0,2
C1C(CN(C1=O)CCC2=CC=CC=C2)C(=O)O,0,1
CCOC1=CC=CC=C1NC(=O)CSC2=NN=C(N2C)C3=NC=CN=C3,0,1
C1CC2(C3=CC=CC=C31)C(=O)N(C(=O)N2)CC(=O)C4=CC5=C(C=C4)OCCO5,0,1
CCN1CCN(CC1)C(=O)/C=C\C(=O)O,0,1
CC1=CC=C(C=C1)S(=O)(=O)N(CC(CN2C(=O)C(NC2=O)(C)C)O)C3=CC=CC=C3,0,1
CCOC1=C(C2=C(C=C1)C(=C(C(=O)O2)C)C)OCC,0,1
C1CC(=C(C2=CC=CC=C21)Cl)/C=N/OCC3=CC=C(C=C3)F,0,1
C1CC(=O)N(C1)C2=CC=CC(=C2)C(=O)NCC3=CC=CS3,0,2
CC(=O)C1=CC(=CC=C1)NC(=O)CN(C2=CC=C(C=C2)F)S(=O)(=O)C,0,1
C1C23C=CC(O2)C(C3C(=O)N1CC(COC4=CC=CC=C4)O)C(=O)O,0,1
CC1=CC2=C(C=C1)N(C(C=C2C)(C)C)C(=O)C3=CC=CC=C3,0,1
C1=CC=C(C=C1)C(=O)/C=C/NC2=CC=CC=C2,0,1
COC1=CC=C(C=C1)/C=C/2\C(=O)NCC(=O)N2CC3=CC=CC=C3,0,1
CC1=CC(=NO1)NC(=O)CSC2=NN=C(N2C)C3=CN=CC=C3,0,2
CCS(=O)(=O)C1=CC2=C(C=C1)OC(CN2S(=O)(=O)C)C(=O)NCC3=CC=CC=C3OC,0,1
CC1=NC2=C(N1CC3=CC=CC=C3)NC(=O)N(C2=O)C,0,1
CC1=CC=C(C=C1)C(=O)COC(=O)C2=NNC(=O)C3=CC=CC=C32,0,1
CC1=CC(=CC=C1)CN2C=NC3=C(C2=O)N=NN3CC4=CC=CC=C4F,0,2
CC1=NN(C(=C1C=O)OC2=CC(=CC=C2)Cl)C,0,1
CC1=C(C=CC=C1Cl)NC(=O)CN2C(=C(N=N2)C(=O)OC)C(=O)OC,0,1
CCOC(=O)N1CCN(CC1)C(=O)CSCC2=CC=C(C=C2)C,0,1
C1CS(=O)(=O)CCN1CCC2=CN(C3=CC=CC=C32)CC4=CC=C(C=C4)F,0,1
COC(=O)C1=CC(=O)N=C2N1C=CS2,0,1
CCN1C2=C(C=C(C=C2)NC(=O)COC(=O)CC3=CN4C=CSC4=N3)C5=CC=CC=C51,0,2
CCOC(=O)C1=CC(=O)N2C(=NC(=N2)C3=CC=CC=C3F)S1,0,2
C1=CC=C(C=C1)NC(=O)C2=C(C=NN2)[N+](=O)[O-],0,2
C1CN(CCN1C2=CC=CC=C2)/N=C\C=C\C3=CC=CO3,0,2
CCC1=CC(=CC=C1)OCCCCN(CC)CC,0,2
CC1=C(C(=O)N(N1C)C2=CC=CC=C2)NS(=O)(=O)N3CCCC3,0,2
CC1CCCCC1N=CC2=C(CC(CC2=O)(C)C)O,0,2
C1COCCN1C(=O)C2=COC(=O)C=C2,0,2
C=CCN1C(=NN=C1SCC(=O)C2=CC=C(C=C2)F)CC3=CC=CS3,0,1
CC1=CC=C(O1)C2C(=C(N=C3N2C(=O)CS3)C)C(=O)NC4=CC=CC=C4,0,2
C1CCN(CC1)C(=O)COC(=O)CCC(C(=O)OCC(=O)N2CCCCC2)NC(=O)OCC3=CC=CC=C3,0,2
CCSC1=NN=C(S1)NC(=O)C2CCCCC2C(=O)OCC(C(F)F)(F)F,0,1
CCOC(=O)C1=C(N=C(S1)NC(=O)CCSC)C,0,2
CC1=NN=C(N(C1=O)N)NC2=CC=CC=C2,0,1
C1COCCN1CC2=CN3C=CSC3=N2.Br,0,2
CC1=CC(=C(C(=C1)C)NC(=O)CN2C(=O)C3(CCCCC3)NC2=O)C,0,2
CC1=CC=C(C=C1)C(=O)NCCSC2=C(N=NS2)C,0,2
CSCCC(C1=NC(=NO1)C2=CC=CC=C2)NC(=O)C3=CC=CC=C3,0,2
COC1=CC=CC(=C1)NC(=O)CCC(=O)NCC2=CC=CO2,0,2
CC1=CC(=O)C=C(N1)C,0,1
C1COCCN1C2=C(C=CC=N2)[N+](=O)[O-],0,2
CC1=CC=CC=C1NC2=NC(=CC(=C2C#N)COC)C,0,1
C/C(=N\NC(=O)C1=CC=C(C=C1)[N+](=O)[O-])/C2=CC(=CC=C2)NC(=O)C3=CC(=C(C=C3)OC)OC,0,1
CC1=CC=C(C=C1)N2C3=C(C(C(=C(O3)N)C#N)C4=CC=C(C=C4)F)C(=N2)C,0,2
C1=CC=C(C=C1)N2C(=O)C(=C(N2)CSC3=CC=CC=N3)N=NC4=CC=C(C=C4)S(=O)(=O)N,0,2
CCOC(=O)CC1=CC(=O)N2C(=N1)C(=C(N2)C)C#N,0,1
CC1C=CCC2C1C(=O)N(C2=O)C3=CC=CC(=C3)C(=O)N4CCN(CC4)C5=CC=C(C=C5)OC,0,1
CCOC(=O)C1=C(N(N=N1)C2=NN3C(=NN=N3)C4=CC=CC=C42)C,0,2
C1CCCN(CC1)C(=O)CSC2=NC(=C(C(=O)N2)CC3=CC=CC=C3F)O,0,2
C1CCN(C1)C(=O)CSC2=CC=CC=C2C(=O)OCC(=O)N3CCOCC3,0,2
C1OC2=C(O1)C=C(C=C2)N3C(=NN=N3)SCC4=CC=CC=C4F,0,2
CCC1=CC=CC=C1OCCOC2=C(C=C(C=C2)C)OC,0,2
C1=CC(=C(C=C1Cl)NC(=O)CC(=O)O)O,0,2
CN(C1=NN=C(S1)C2=CC=CC=N2)C(=O)C3=CC=CC=N3,0,2
C1=CC=C2C(=C1)C(=NC=N2)N/N=C/C3=CC(=C(C=C3)Cl)Cl,0,2
C1=CC(=CN=C1)NC(=O)C2=CC=CS2,0,1
C1COCCN1S(=O)(=O)C2=CC=CC(=C2)C(=O)NC3=CC=CC=N3,0,2
C1=CC(=CC=C1C(=O)NCSC2=NC(=NC=C2)SCNC(=O)C3=CC=C(C=C3)F)F,0,1
COC1=C(C=C(C=C1)C2=NN=C(N2C3CCCCC3)SC4CCOC4=O)OC,0,1
C1CS(=O)(=O)CC1NC(=O)C23CC4CC(C2)CC(C4)C3,0,2
CC1(CC2=C(CS1)C(=S)SC(=C2C#N)N)C,0,1
CC1=C(C=CC(=C1)Cl)OC(C)C(=O)NC2=CC=C(C=C2)/C(=N/NC(=O)C3=C(C(=NN3C)C)Br)/C,0,2
CCOC1=C(C=C(C(=C1)C)S(=O)(=O)NC2=CC3=C(C=C2)C=NN3)C,0,2
CC1=C(NC2=C1C=C(C=C2)C3=NN=C(N3CC4=CC=CC=C4)SCC(=O)NCC5=CC=CO5)C,0,2
CCC1=CC=C(S1)C(=O)C2=CC=CC=C2C(=O)O,0,2
COC1=CC(=CC(=C1O)OC)/C=N\NC(=O)C2C(CNC2=O)C3=CC=CC=C3,0,1
CCCC(C(=O)C1=CC=CC=C1)N2C=NC=N2,0,1
C1CN(C(C(=O)N1)CC(=O)NC2=CC3=C(C=C2)OCCO3)C(=S)NC4=CC=CC=C4,0,2
CC1=CC(=C(C=C1)C)N2CCN(CC2)C(=O)COC3=CC(=O)N(C4=CC=CC=C43)C,0,1
CCC1=NC2=CC=CC=C2C(=O)N1NC(=O)C3=C(C4=CC=CC5=C4N(C3=O)CCC5)O,0,1
CCN(CC)CCOCCOC1=CC=CC=C1F,0,1
CC1=C(C=C(N1CC(=O)NCC2=CC=CS2)C3=CC=C(C=C3)F)C(=O)C,0,2
CN1C(=O)C=C(N=C1SCC(=O)NC2=CC=CC=C2OC)O,0,1
CC1CCN(CC1)C(C2=CN=CC=C2)C3=C(SC(=C3C)C)NC(=O)C4=CC=CO4,0,2
CCOC(=O)C1CCN(C1=O)S(=O)(=O)CC2=CC=CC=C2,0,1
CC(C)N(C(C)C)C(=O)C(=O)C1=CC=CN1C2=CC=CC=C2C#N,0,1
C1CCN(CC1)C2=NC(=NC(=N2)N/N=C/C=C/C3=CC=CC=C3)N4CCCCC4,0,1
CN(C)/C=C\1/C(=O)OC(=N1)/C=C/C2=CC=C(C=C2)OC,0,1
C1CCC(CC1)CC(=O)NC2=CC=CC=C2C#N,0,2
C1C(N(N=C1C2=CC=CO2)C3=CC=CC=C3)C4=CC=C(C=C4)F,0,1
CCCOC(=O)CSC1=C(C(C(C(=O)N1)C#N)C2=CC=CC=C2OC)C#N,0,1
CN(C)C(=O)C1=CC=C(C=C1)OC2=CC=C(C=C2)C(=O)N(C)C,0,1
CC1(C(=O)C(C(N1)(C)C)(C(=O)N)O)C,0,1
CCC1=CC2=C(C(=C1O)CN(C)C)OC=C(C2=O)C3=CSC=N3,0,1
CN1C2=C(C=N1)C(=NC=N2)N3CCOCC3,0,1
COC1=C(C=C(C=C1)C(C(=O)NC2CCCCC2)OC(=O)C3=CC=CO3)OC,0,1
CCN1C2=C(C=C(C=C2)NC(=O)C(C)C)C3=CC=CC=C31,0,1
CC1=CC=C(C=C1)C2=C[N+](=O)C3CCCCC3N2[O-],0,1
CCOC(=O)CSC1=C(C(CC(=O)N1)C2=C(C=CS2)C)C#N,0,2
C1CN(CCN1C2=CC=CC=C2)C3=NC=C4C(=N3)CC(CC4=O)C5=CC=C(C=C5)F,0,2
CCOC(=O)C1=CC(=NC2=C1C(=NN2CCC#N)C)C3=CC4=C(C=C3)OCCO4,0,2
CC(C(=O)N/N=C/C1=CC=CC2=CC=CC=C21)N3C=C(C(=N3)OC)[N+](=O)[O-],0,2
CN1C2=C(C=C(C=C2)NC(=O)C3CCCCC3)N=C1CCNC(=O)C4=CC=CC=C4,0,1
CCOC(=O)C1CCCCN1CC2=C(C(=CC=C2)OC)OC,0,2
CC1=CC=C(C=C1)OCC(=O)N(C)CCC2=CC=CC=N2,0,1
CCN(CC)C(=O)C1=C(C2=C(S1)N=C(NC2=O)C3=CC=NC=C3)C,0,2
CC1=CC(=C(C(=C1C)S(=O)(=O)ON2C(=O)C3=CC=CC=C3C2=O)C)C,0,1
CC1=NN(C(=C1)C(F)(F)F)C2=NC(=CS2)C(=O)NNS(=O)(=O)C3=CC(=C(C=C3)OC)OC,0,1
CC1=CC=C(O1)C(=O)NCCCC(=O)O,0,2
CC1=NC2=C(C3=C(S2)CCCC3)C(=N1)SCC(=O)NCC4=CC=CO4,0,1
C1CC(OC1)CNC(=O)C2=C(N(C(=S)S2)C3=CC=CC=C3)N,0,1
CCN1C(=NC2=CC=CC=C2C1=O)/C=C/C3=CC(=CC=C3)[N+](=O)[O-],0,2
C1C(ON=C1C2=CC(=CC=C2)[N+](=O)[O-])C(=O)NCC3=CC(=CC(=C3)C(F)(F)F)C(F)(F)F,0,2
COC(=O)C1=CC(=CC=C1)NC(=S)NCCC2=CCCCC2,0,2
CC(C)C1=CC=C(C=C1)C2C(=C(OC3=C2N(C4=CC=CC=C43)C(=O)C)N)C#N,0,2
CCCSC1=NN=C2N1C3=CC=CC=C3C(=O)N2N,0,2
CCOP(=O)(C1=CC=CC=C1)C2=C(OC(=N2)C3=CC=C(C=C3)F)N4CCCCC4,0,2
CCOC1=CC(=C(C=C1)OCC)NS(=O)(=O)C2=CC3=C(C=C2)N(C(=O)O3)CC(=O)OCC,0,2
C1=CC=C(C(=C1)C2=NN=C(O2)COC3=CC=CC=C3Cl)Br,0,1
CN(C1CCCCC1)C(=O)CN2N=C(N=N2)C3=CC(=CC=C3)C(F)(F)F,0,1
CCCSC1=NC(=C(C(=O)N1)CC(=O)O)C,0,1
C1=CC=C(C=C1)CCN2C(=NN=C2SCC(=O)O)CN3C=NC4=CC=CC=C43,0,1
CCCN1C(=NC2=NC3=CC=CC=C3N=C21)C4=CC=CS4,0,2
CC1=C(C=C(C=C1)Cl)NC(=O)CCC(=O)NC2=C(C=CC(=C2)Cl)C,0,2
CCOC1=C(C(=CC(=C1)/C=N/O)Br)OCC2=CC=C(C=C2)Cl,0,2
CC1=CC=CC=C1COC2=C(C=C(C=C2Br)/C=N/N=C(\C3=NON=C3N)/N)OC,0,1
C=C1C(C1C(=O)N2CCOCC2)C(=O)N3CCOCC3,0,1
C1=CC=C2C(=C1)C(=O)N(C2=O)CCC3=CNC4=C3C=C(C=C4)OC(=O)C5=CC=CO5,0,2
CC1=CC(=CC=C1)NC(=O)CN2C(=O)C(NC2=O)(C)C3=CC4=C(C=C3)OCO4,0,1
CCSC1=C(C(CC(=O)N1)C2=CC=CC=C2C)C#N,0,1
CC1=C(C=CO1)C2=NN=C(N2CCCOC)SCC(=O)NC3=CC4=C(C=C3)OCCO4,0,1
CN1C=C(C2=CC(=C(C=C2C1=O)OC)OC)C(=O)NC3=CC(=CC=C3)OC,0,1
C1CC2=CC=C(C3=CC=CC1=C23)NC(=O)C4=CC=C(O4)Br,0,2
CC(C(=O)C12CC3CC(C1)CC(C3)C2)SC4=NNC(=N4)N,0,1
C1=CC=C(C=C1)C(=O)OCC(=O)C2=CC=C(C=C2)Br,0,2
CCOC1=CC2=C(C=C1)NC(=O)C(=C2)CN(CCC3=CC=CC=C3)C(=O)C4=NC=CN=C4,0,1
COCCNC(=O)C1CC(=O)N(C1)CCC2=CC=CC=C2,0,2
C1=CC(=CC=C1N2C(=CNC2=S)C(=O)O)F,0,2
COC1=C(OC(=C1)O)C=NC2=CC=CC=C2,0,2
COC1=C(C=C(C=C1)C2NCCO2)OC,0,2
CC1=CC=C(C=C1)CNC(=O)CCC2=CC=C(C=C2)S(=O)(=O)NC3CCCCC3,0,1
CCN(CC)S(=O)(=O)CCP(=O)(CCS(=O)(=O)N(CC)CC)O,0,1
CC(C)N=C(C1=CN=CC=C1)NC2=CC=CC=C2,0,1
C1COC2=C(O1)C=CC(=C2)S(=O)(=O)N(CC(=O)NCC3=CC=CC=C3)C4=CC=C(C=C4)F,0,1
C[N+]12CN3CN(C1)CN(C3)C2.[I-],0,2
C1=CC=C2C(=C1)NC3=C(C=CC=N3)C(=O)N2,0,1
COC1=C(C=C(C=C1)C2=CN3C=C(C=CC3=N2)Cl)OC.Br,0,1
C1CCC(CC1)NC2=NN=C(S2)SCC(=O)NC3=CC=C(C=C3)N4CCOCC4,0,2
COC1=C(C=CC(=C1)C2C3C(C(=O)N(C3=O)C4=CC=CC=C4)ON2C5=CC=CC=C5)O,0,2
CCOCCCNC(=O)C1=C(NC(=C1C)C(=O)OCC)C,0,2
CC(C1=CC=CC=C1)NC(=O)CSC2=NC(=O)C(C(=O)N2)NC(=O)C,0,1
CCCCN1C2=CC=CC=C2C(=C(C1=O)C(=O)NC3=NC=CN=C3)O,0,2
CCCC1=NC2=CC=CC=C2C(=C1CC)C(=O)OCC(=O)NC3=CC(=CC=C3)S(=O)(=O)N4CCOCC4,0,1
COC1=C(C=C(C=C1)Cl)N2C(=O)[C@H]3[C@@H](C2=O)ON=C3C4=C(C(=CC=C4)OC)OC,0,1
COC1=CC=C(C=C1)N2C(C(CCC2=O)C(=O)N3CCCCCC3)C4=CC(=C(C=C4)OC)OC,0,2
CC1=C(C=CC(=C1)Cl)N(CC(=O)N=NC2=C(NC3=CC=CC=C32)O)S(=O)(=O)C,0,1
CC1=CN(C(=O)NC1=O)COC/C=C/C2=CC=CC=C2,0,1
CN1C(=C(C(=N1)C(F)(F)F)/C=N/OC(=O)C2=CC=CC=C2)SC3=CC=C(C=C3)Cl,0,1
CC1CCC(CC1)NC2=NN=NN2C3=CC=CC=C3,0,2
CC1=CC2=C(C=C1)OC(=O)C=C2CN3CCOCC3,0,1
CC1=CC=C(C=C1)NC(=O)N2CCC(CC2)C3=NC4=C(C(=O)N3)N=NN4CC5=C(C=CC=C5Cl)F,0,1
CC1=CC(=CC=C1)NC(=S)N2CCC(CC2)NC(=O)C3=CC=C(C=C3)OC,0,2
COC1=CC(=C(C=C1)OC)NC2=NC(=NC(=N2)N)CSC3=NN=C(O3)C4=CC=NC=C4,0,1
CC(C)(C)N1C(=NN=N1)CN(CC2=CC=C(C=C2)F)CC3=CC=CO3,0,1
CCC(=O)NC1=NC(=NC(=C1C(=O)C)C)C,0,2
CC1=C(C2=C(C=C1)C=C(C(=O)N2)CN(CCCO)S(=O)(=O)C3=CC=CC4=NSN=C43)C,0,1
CC1=CC=C(C=C1)N2C(=O)C=C(NC2=O)NCC3=CN=CC=C3,0,2
CN(C)CC(COC1=CC(=CC=C1)OCC(CN(C)C)O)O.Cl,0,2
C1=CC=C2C(=C1)C(=O)OC(=N2)C3=CC=CC=C3[N+](=O)[O-],0,2
CC1=NN=C(C2=CC=CC=C12)OC3=CC=C(C=C3)OC,0,2
C/C(=N\NC(=O)C(=O)NC1=CC=CC=C1OC)/CC(=O)NC2=CC=C(C=C2)OCC3=CC=CC=C3,0,2
CC1=CC(=CC=C1)N2C(=C(N=N2)C(=O)NC3=CC=C(C=C3)F)N,0,2
COC1=C(C=CC(=C1)/C=C/C(=O)NNC2=C(C(=CC(=C2F)F)F)F)OC(F)F,0,1
CC1=NN=C(NC1=O)NC2=CC=CC=C2OC,0,1
CC(C)(C)N(C)CCOC(=O)C1=CC(=CC=C1)OC.Cl,0,1
CC(C)C(C(=O)NC1CCCCC1)N(CC2CCCO2)C(=O)CNS(=O)(=O)C3=CC=C(C=C3)F,0,1
COC1=C(C=C(C=C1)CC2=NN=C(NC2=O)SC)OC,0,1
CC1=C(SC(=N1)N2C(C3CCC/C(=C\C4=CC=C(C=C4)F)/C3=N2)C5=CC=C(C=C5)F)C(=O)N(C)C,0,1
CCCN1C(=O)C2=CC=CC=C2C(=N1)C(=O)NC3=C(C=CC(=C3)C(=O)OC)C,0,2
CC1=NC(=NN1C2=CC=C(C=C2)[N+](=O)[O-])C(=O)NC3=CC=C(C=C3)Cl,0,1
CCCC1=NN(C2=C1C(=O)CC(C2)(C)C)C(=O)C3=CC=CC=C3,0,2
COC1=CC(=CC=C1)OCCNC2=C(C=CC(=C2)N3CCCCC3)[N+](=O)[O-],0,2
COC1=C(C=C(C=C1)/C=C/C(=O)NC(=S)NNC(=O)C2=CN=CC=C2)OC,0,2
CC1=CC=C(C=C1)CN2C(=NN=N2)CN3CCC(CC3)(C4=CC=C(C=C4)F)O,0,2
CC1=CC(=NN1C(=O)CCCC(=O)N2C(=CC(=N2)C)C)C,0,1
CC(C)(C)C1=CC=C(C=C1)CN(CC2=CC=CO2)CC3=NN=NN3C4CCCC4,0,2
CC1=CC=C(C=C1)S(=O)(=O)N2CCCC(C2)NC(=O)N3CCN(CC3)C4=CC=CC=C4,0,2
CN(C)CCCOC(=O)C1C2=CC=CC=C2OC3=CC=CC=C13.Cl,0,2
CC(C)(C)C1=CC=C(C=C1)C2=NC3=CC=CC=C3C(=C2)C(=O)NNC(=O)NC4=CC=CC=C4,0,2
COCC(=O)NC1=C(OC2=CC=CC=C21)C(=O)NC3=CC(=CC=C3)OC,0,1
C1CCC(CC1)C2=NN=C(S2)NC(=O)C3=CC=CO3,0,2
C1=CC=C(C=C1)C2=NN=C(N2C3=CC=CC(=C3C#N)C#N)C4=CC=CC=C4,0,1
CO/N=C/NC(=O)C1=CC(=C(C=C1)[N+](=O)[O-])CS(=O)(=O)C2=CC=C(C=C2)Cl,0,2
C1COCCN1C(C#CC2=CC=CC=C2)C3=C(C(=CC(=C3)Cl)Cl)O,0,1
CC(C)(C)C1=CC=C(C=C1)OC(=O)C2=CC3=NSN=C3C=C2,0,2
CC1=CC=C(C=C1)SC(C)C(=O)NC2=C(N(N(C2=O)C3=CC=CC=C3)C)C,0,2
C1CCN(CC1)C(=S)SCC(=O)NC2=NC(=C(O2)C3=CC=CC=C3)C4=CC=CC=C4,0,1
CC(=NC1CC1)C2=C(NN(C2=O)C3=NC4=CC=CC=C4S3)C5=CC=CC=C5,0,2
CN1C2=C(C(=O)N(C1=O)CC(=O)OC)N(C(=N2)Br)CC3=CC=CC=C3Cl,0,1
CC1=C(C=C(C=C1)C2=NC3=CC=CC=C3S2)NC(=O)C4=C(C=CC(=C4)N5C=NN=C5)Cl,0,2
C1CC2CC(CC(C1)N2C(=O)NC3=CC(=C(C=C3)Cl)C(F)(F)F)NC(=O)C4CC4,0,2
CCOC(=O)C1=C(N=C(N=N1)C2=CC=C(C=C2)C)SC3=CC=CC=C3Cl,0,2
C1COC2=C(C=C(C=C2)C(CC3=CC=CC=C3)NC(=O)C4=CC=CC=C4F)OC1,0,2
CCC1(CC2=C(CO1)SC3=C2C(=O)N(N=N3)CC(=O)NC4=CC=C(C=C4)C)C,0,1
CC1=CC2=C(C=C1C)NC(=O)C(=C2)CN(CC3=CC=CO3)C(=O)NCC4=CC=CC=C4,0,2
COC1=C(C=C2C(=C1)C3=CC=CC=C3O2)NS(=O)(=O)N4CCCCC4,0,1
CC1=NN=C(NC1=O)SCC(=O)OC,0,2
CCOC(=O)C1=C(NC(=C1C)C(=O)OCC(=O)NC2=C(C=CC(=C2)Cl)OC)C,0,2
CC1=CC=C(C=C1)N(CC(=O)NCC2=CC=C(C=C2)F)S(=O)(=O)C3=CC=CS3,0,1
CC1=C(C(=O)C=CN1C2=C(C=C(C=N2)C(F)(F)F)Cl)OCC3=C(C=CC=C3Cl)Cl,0,1
CC1=C(C(=NO1)C2=CC=CC=C2)C(=O)NC3=NC(=CS3)C4=C(C=CC(=C4)F)F,0,1
COC1=C(C=C(C=C1)CCNC2=C(C(=O)N(C2=O)CCC3=CC=CC=C3)Cl)OC,0,1
CC1(CC(=CC(=O)C1)NCC2=CC=CS2)C,0,2
CC1CCN(CC1)C2=NC(=C(C(=O)N2)C#N)C3=CC=C(C=C3)OC,0,2
CC1CCN(CC1)C(=O)CN2C3=CC=CC=C3C(=O)N(C2=O)CC4=CC5=C(C=C4)OCO5,0,2
CCOC1=CC(=CC(=C1)C(=O)NC(=S)NC2=CC=CC(=C2)C(F)(F)F)OCC,0,1
C1CCN(CC1)S(=O)(=O)C2=CSC(=C2)C(=O)NC3=CC=C(C=C3)F,0,1
C1COCCN1S(=O)(=O)C2=CC=C(C=C2)OCC(=O)NC3=CC=CC=C3C(F)(F)F,0,2
COC1=CC=C(C=C1)C2=NN=C(O2)SCC3=CC=CC=C3F,0,2
C=CCN1C=C(C=C(C1=O)C#N)C2=CC(=CC=C2)Cl,0,1
CC(C)OC1=CC=C(C=C1)C(CC(=O)O)NC(=O)C2=CC=CS2,0,1
CC1=CSC(=C1N/N=C(\C)/C2=CC=C(C=C2)F)C(=O)OC,0,2
C1C(OC2=CC=CC=C2O1)C3=NN4C(=NN=C4S3)C5=CC=C(C=C5)F,0,1
CC(C)COC1=CC=C(C=C1)CNC(=S)N/N=C/C2=CC=C(C=C2)[N+](=O)[O-],0,1
CC1=C(C=C(C=C1)C2=NC3=CC=CC=C3N2)NC(=O)C4=CC5=C(C=C4)OCO5,0,2
COC1=CC=CC=C1NC(=O)C2=C(SC3=C2CCC3)NC(=O)C4=CC=CO4,0,1
CC1CC2=CC=CC=C2N1C(=O)CSC3=NC4=CC=CC=C4C=C3C,0,2
CC1=CC=C(C=C1)C2CC(=CC(=O)C2)O,0,1
CC1=CC=C(C=C1)CS(=O)(=O)C2=CC=CC=C2C3=NN=C(O3)C4=CC=C(C=C4)Cl,0,2
CCCN1C2=C(C(=O)NC1=O)N(C(=N2)C3=CC4=C(C=C3)OCCO4)CCN5CCOCC5,0,2
COC1=CC=CC=C1N2CCN(CC2)C(=O)C(C3=CC=CC=C3)NS(=O)(=O)C4=CC=CS4,0,1
CC1=CC=C(C=C1)N2CN=C(NC2=S)C3=CC=C(C=C3)OC,0,2
CC1=CC(NC2=C1C=C(C=C2)OC(=O)C(C)N3C(=O)C4=CC=CC=C4C3=O)(C)C,0,2
C1CC2=NON=C2C3=C1N(C(=N3)C4=CC=CC=C4)OCC5=CC=CC=C5,0,2
C1=CC=C2C(=C1)C(=CC(=N2)C3=CC(=CC=C3)Br)C(=O)N/N=C/C4=CC=C(O4)[N+](=O)[O-],0,1
CSC1=NC2=C(C3=C(N2)CCCC3)C4=NN=NN41,0,1
CC1=C(C(N2C(=NC=N2)N1)C3=CC=C(C=C3)OC(=O)C4=CC=CC=C4)C(=O)OC,0,1
CC(C)C1=CC2=C(C=C1)OC(=O)C=C2CN3CCN(CC3)C4=CC=C(C=C4)F,0,2
C1COC2=C(O1)C=CC(=C2)S(=O)(=O)N(CC3=CC=CC=C3)CC(=O)N/N=C/C4=CC=C(C=C4)F,0,2
CCCCCC(=O)NC1=NC(=C(S1)C2=CSC(=N2)NC3=CC=CC=C3OC)C,0,1
CC1=CC=CC=C1N(CC(=O)NCCSC2CCCCC2)S(=O)(=O)C3=CC=CC=C3,0,2
CC(C)C1=CC=C(C=C1)CNC2=C(C=CC(=C2)N3CCCC3)[N+](=O)[O-],0,2
C1CC1NC(=O)NC2=CC3=C(C=C2)N=C(C(=N3)C4=CC=CS4)C5=CC=CS5,0,2
CCOC1=CC=C(C=C1)NC(=O)CSC2=NN=C(N2C)C34CC5CC(C3)CC(C5)C4,0,1
CCOC(=O)C1=CC2=C(N1CC3=CC=C(C=C3)C#N)C=CS2,0,2
CC1=CC=C(C=C1)NS(=O)(=O)C2=C(C=CC(=C2)C(=O)NCCSC3CCCCC3)C,0,1
CC1=CC(=CC(=C1OC(=S)N(C)C)C)C(=O)CSC2=CC=C(C=C2)OC,0,1
CC1=CC=C(C=C1)S(=O)(=O)N/N=C\C2=CC=C(O2)[N+](=O)[O-],0,2
CCOC1=C(C2=C(N1)C3=CC=CC=C3C(=C2)O)C(=O)OCC,0,2
COC1=CC=C(C=C1)NC2=NC(=NC(=N2)N)CN3CCC(CC3)CC4=CC=CC=C4,0,1
C1CN(CCN1CC2=CC=CC=C2)CC3=NC(=NC(=N3)NC4=CC5=C(C=C4)OCCO5)N,0,1
CCCCCNC(=O)C(C)SC1=CC=C(C=C1)Cl,0,2
CCOC(=O)C1=C(NC(=C1C(=O)COC(=O)C2=CC(=CC=C2)S(=O)(=O)NC)C)C,0,1
CC1=NC(=CS1)C2=CC(=CC=C2)NS(=O)(=O)C3=CC=CC=C3,0,1
CC1=C(C(=O)N(N1C)C2=CC=CC=C2)NC(=O)C3CCCN3S(=O)(=O)C4=CC=CC=C4,0,2
COC1=CC(=CC(=C1OC)OC)C(=O)NC2CCN(CC2)CC(=O)NC3=CC=CC(=C3)C(=O)OC,0,2
C1=CC(=CC=C1CSC2=NC3=C(N2)C=NC=C3)Cl,0,2
CCCSC1=NC2=C(C3=C(S2)CN(CC3)CC4=CC=CC=C4)C(=O)N1,0,1
CC1=C(C=CO1)C2=NN=C(N2C)SCC(=O)N3CCN(CC3)C4=CC=CC=C4,0,2
C1=CC=C2C(=C1)C=CN2CCNC(=O)CC3=CC=CS3,0,1
C1CC2=C(C1)[N+](=O)C3=CC=CC=C3N2[O-],0,2
C1=CC=C(C=C1)C(=O)NC2(C(=O)C3=CC=CC=C3C2=O)O,0,1
CC1=NC2=C(S1)C=C(C=C2)S(=O)(=O)N(C)CC(=O)N3CCC4=CC=CC=C4C3,0,2
CN1C(=NN=N1)SCC2=CSC(=N2)NC3=CC=CC=C3,0,1
CC1(CC2=CC=CC=C2/C(=C/C(=O)NC)/N1)C,0,1
C1COCCN1C(=O)CC23CC4CC(C2)CC(C4)C3,0,2
CC1=CC(=NC(=C1)NS(=O)(=O)C2=CC=C(S2)Br)C.Cl,0,1
CCOC(=O)C1CCCN(C1)C(=O)C2=CC=C(C=C2)CNC3=C(C(=O)C3=O)N4CCC(CC4)C,0,2
CC1=NC(=CC=C1)N2C=C(N=C2)C(=O)N/N=C/C3=CC=CC=C3,0,2
CCC1=CC=CC(=C1NC(=O)C(C2=CC=CC=C2)N3CCC3=O)C,0,2
CC(C)CC1=CC(=NO1)C(=O)NCC2=CC=CS2,0,1
CC1=CC2=C(C=C1)C=C(C(=O)N2)CN(C(C)C)C(=O)C3=CN=CC=C3,0,2
CC1=CC(=NN1C2=NC(=NC(=N2)N)C)C,0,1
CC1=CC2=C(C=C1)C=C(C(=O)N2)CNC(C)C,0,2
CN1C(=NN=C1SCC(=O)NCC2=CC=CO2)C3=CC=C(C=C3)OC,0,2
CC1=CC(=NC2=CC=CC=C12)NCC3=CC=CC=N3,0,2
CN1CCN(CC1)C(=S)C2=CC(=C(C=C2)OC)Br,0,1
COC1=C(C=C(C=C1)C(CCC#N)(CCC#N)C#N)OC,0,1
CN1C2=C(C(=O)N(C1=O)C)N(C(=N2)CN3CCN(CC3)C4=CC=C(C=C4)F)CC(=O)OC,0,1
CC1=NN(C(=C1)C2=CC=CO2)CC(=O)NCCN(C)C,0,2
C1COC2(C3=CC=CC=C3N(C2=O)CC4=C(C=C(C=C4)F)Cl)OC1,0,1
CC1=CC=CN2C1=NC(=C(C2=O)C=O)N3CCN(CC3)C4=CC=CC=C4OC,0,2
CC1=CC(=C(C=C1)NC(=O)CO/N=C(/C)\C2=CC=CS2)C,0,1
C1OC2=C(O1)C=C(C=C2)C(=O)NC3=CC=CC(=C3)C4=CN5C=CC=NC5=N4,0,1
CC1=CC=C(C=C1)NC(=O)N2CCN(CC2)C3=CC=CC=N3,0,1
CC(C)CN(C1CCS(=O)(=O)C1)C(=O)COC(=O)CCN2C(=O)C3=CC=CC=C3C2=O,0,2
CC1=CC=C(C=C1)N2C(=NN=C2SCC3=CC=C(C=C3)C#N)C4=CC=CC=N4,0,2
C1=CC=C(C(=C1)N)NC2=CC=C(C=C2)N,0,1
CCC1=CC(=CC=C1)OCCC(C(=O)OCC)C(=O)OCC,0,2
CC(C)C1=CC=C(C=C1)CC(C(=O)NC2CCN(CC2)C(=O)C3=CC(=C(C(=C3)OC)OC)OC)NC(=O)C,0,2
C1CN(CCN1CC2=CC=CC=C2)C(C3=CC(=CC=C3)F)C4=C(N5C(=NC=N5)S4)O,0,2
CC1=C(OC=N1)C(=O)NCC2=CC=CC=C2Cl,0,2
CC1=CC=C(C=C1)SCC(=O)NCC(C)C,0,1
CCCCOC(=O)C1=CC=C(C=C1)NC(=O)C2=NC=CN=C2,0,1
CCC1=NN=C(S1)/N=C\2/N(C(=O)/C(=C/C3=CC=C(C=C3)N(C)C)/S2)CC=C,0,2
CN1C(=NN=C1SCC(=O)C2=CC=C(C=C2)F)CN3C4=CC=CC=C4N=N3,0,1
CC1=CC(NC2=CC=CC=C12)(C)C.Cl,0,2
CCC(C)(C)N1C(=NN=N1)CN(CC2=CC3=C(C=CC(=C3)OC)NC2=O)C4CCCC4,0,2
CCN1C2=CC=CC=C2C3=C(C1=O)C=C(S3)C(=O)NCCN4CCOCC4,0,2
CCOC(=O)C1=C(NC(=C(C1C2=CN(N=C2C3=CC=CO3)C4=CC=CC=C4)C(=O)OCC)C)C,0,1
CC(C)C(=O)NC1=NN=C(S1)CSCC2=CC=CC=C2F,0,2
CCCCN1C(=O)C=CC(=N1)C(=O)O,0,1
C1COCCN1S(=O)(=O)C2=CC=C(C=C2)CCC(=O)O,0,1
CC(C)N(CC1=CC=CC=C1)C(=O)C2=CN=C3N(C2=O)CCS3,0,2
CC(C)CCN1C(=O)C2=CC=CC=C2C3=CC=CC=C3C1=O,0,1
CCOC1=CC=C(C=C1)C2C(N3C=C(C=CC3C2(C#N)C#N)C#N)C(=O)C4CC4,0,2
CC(=O)N1CCC2=C1C=CC(=C2)S(=O)(=O)CCC(=O)NCCC3=CC(=C(C=C3)OC)OC,0,1
CCOC(=O)N1CCN(CC1)C2=C(C(=O)C2=O)NCCC3=CC(=C(C=C3)OC)OC,0,2
CC1=CC(=C(C(=N1)N2CCOCC2)C#N)C(F)(F)F,0,1
CC1=CC=C(C=C1)NC(=O)CN(C)C(=O)CN2C(=O)C(NC2=O)(C)C3=CC=CC=C3,0,2
CC1=CC(=NC(=N1)NC(=O)CN2C(=O)C3=CC=CC=C3C2=O)C,0,1
CCN1C(=NN=C1SCC(=O)C2=CC=C(C=C2)Br)CNC(=O)CC3=CC=C(C=C3)OC,0,1
CCCCOC1=CC=C(C=C1)CSC2=NN=CN2N,0,1
CCOC1=CC=C(C=C1)NC(=S)NC2=NNC(=C2)C3=CC=CC=C3,0,2
C1CN(CCN1CCN=CC2=C(CC(CC2=O)C3=CC=CC=C3)O)C(=O)NC4=CC=CC=C4,0,2
CC1=C(C2=CC=CC=C2N1)C(=O)CN3CCCC3,0,2
CCOC1=CC=C(C=C1)NC2CCN(CC2)C(=O)C,0,2
C1CCC(CC1)NCC2=CC=C(C=C2)O.Cl,0,2
CCOC1=CC=C(C=C1)NC(=O)C2CCCN(C2)S(=O)(=O)C3=C(N(N=C3C)C)C,0,1
COC1=CC=C(C=C1)NC2CS(=O)(=O)CC2NCC3=CC=CO3,0,2
CCN1C2=C3C(=C(C=C2)S(=O)(=O)NCC4=CC=CC=N4)C=CC=C3C1=O,0,1
CCOC(=O)C1=C(OC(=C(C1C(C)C)C#N)N)C2=CC=CC=C2,0,1
COC1=CC=CC=C1NC(=O)CSC2=NN=C(N2C3=CC=CC=C3)CC4=CC(=O)NC(=O)N4,0,1
CCOC(=O)N1CCN(CC1)C2=C(C(=O)C2=O)NCC3=CC=C(C=C3)Cl,0,2
C1CCN(C1)S(=O)(=O)C2=CC=C(C=C2)CCNC(=O)C3=CC=CS3,0,1
CCOC(=O)N1CCC(CC1)NC(=O)CN2C3=C(COC4=C3C=C(C=C4)C)C=N2,0,2
C1CCN(CC1)C(=O)C2=CC(=C(C=C2Cl)Cl)S(=O)(=O)N3CCOCC3,0,1
CC1=CC2=C(C=C1)N(CC3(C2)C(=O)NC(=O)N(C3=O)CC4=CC(=CC(=C4)OC)OC)C,0,1
CC1=CC=CC=C1C(=O)N2CCC(CC2)C(=O)N,0,1
C/C(=N\NC(=O)C1=NN(C=C1Br)C)/C2=CC(=CC=C2)NC(=O)C3CCCC3,0,2
C1CCC(CC1)N2C(=O)C3=C(N=C2SCC#N)SC4=C3CCCC4,0,1
CC1=C(SC2=C1C(=O)NC=N2)C(=O)OC,0,2
CC1=CC2=C(C=C1C)OC(=O)C=C2CN3CCOCC3,0,2
C1CCN(CC1)C2(CCN(CC2)S(=O)(=O)C3=C(C=CC(=C3)Cl)Cl)C(=O)N,0,2
C1=CC=C(C=C1)CSC2=NN=C(O2)CCN.Cl,0,1
COC1=CC=C(C=C1)C2N(CCN2S(=O)(=O)C3=CC=CC=C3)C(=O)CN4CCOCC4,0,1
C1CCC(CC1)NC2=C(N=C3N2C=CC=N3)C4=CC=C(O4)Br,0,2
C1CCN(CC1)C2CCN(CC2)C(=O)C(CC3=CC=CC=C3)N4C=CC=C4,0,1
COC1=CC=CC=C1N2C(=O)CC(C2=O)NC3=CC=C(C=C3)N4CCOCC4,0,2
CC1=CC=C(C=C1)NC(=O)N2CCC3=CC=CC=C3C2,0,1
CC1=C(N=C(O1)C2=CC=CC=C2F)CS(=O)(=O)CC(=O)N3CCC4=CC=CC=C43,0,2
CC1=NC2=C(C(=O)C3=CC=CC=C3O2)C(=O)N1C4=CC=CC=C4,0,2
C1CCN(CC1)CCOC(=O)C2=CC=C(C=C2)O,0,1
CC1=CC=C(C=C1)C2=NN(C(=C2)NC(=O)CCl)C3=CC=CC=C3,0,2
COC1=CC=C(C=C1)N2C(=C3CS(=O)CC3=N2)NC(=O)C45CC6CC(C4)CC(C6)C5,0,2
COC1=CC=C(C=C1)OC2=COC3=C(C2=O)C=CC(=C3)OC(=O)C4=CC(=CN=C4)Br,0,1
CCC1=CC=CC(=C1NC(=O)CN2C(=O)C3=CC=CC=C3S2(=O)=O)C,0,2
C1=CC=C(C=C1)NC(=S)NC2=C(C=CC(=C2)[N+](=O)[O-])O,0,1
CCCCN(CCCC)C(=O)CSC1=NN=C2N1C3=C(C4=C(S3)CCCC4)C(=O)N2C,0,1
COC1=CC=C(C=C1)CCCC2=NN=C(O2)SCC(=O)N/N=C/C3=CC(=C(C(=C3)OC)O)CC=C,0,2
CCOC(=O)C1CCN(CC1)C2=NC3=CC=CC=C3N=C2C(C#N)C(=O)OCC=C,0,1
CN(C)C1=CC=C(C=C1)CNC(=O)C2=CC=C(C=C2)CNC3=C(C(=O)C3=O)N4CCCCC4,0,1
C1=CC(=CN=C1)NC(=O)CC2=CC=CS2,0,2
CCOC(=O)C1=CC(=CC=C1)NC(=O)C2=NC3=CC=CC=C3N=C2,0,1
COC1=CC=CC=C1N/C(=N/S(=O)(=O)C2=CC=C(C=C2)Cl)/C3=CC=CC=C3,0,2
CC1=C(C(C(=C(N1)SCC(=O)NC2=CC=CC=C2)C#N)C3=CC=CO3)C(=O)OCC=C,0,2
CCN(CC)CCNC(=O)C1=C(C2=CC(=C(C=C2NC1=O)OC)OC)O.Cl,0,1
CN1C2=CC=CC=C2C3=C(C1=O)C=C(N3C)C(=O)NCC4=CC=CS4,0,1
CCC1=NC2=C(C(=N1)OCC3=CC=CC=C3)SC4=C2C=C5COC(CC5=N4)(C)C,0,2
C1CC1N(C(C2=CC=CS2)C(=O)NCC3=CC=CC=C3)C(=O)C4=CSN=N4,0,1
C1=CC=C(C=C1)/C=C(/C=N/N2C(=NN=N2)N)\Br,0,2
CCCCN(CC1=CC=CO1)C(=O)C2=CC3=C(S2)C4=C(C=CC(=C4)C)NC3=O,0,2
CC1=C(NC(=C1/C(=C\2/C(N(C(=O)C2=O)CCN3CCOCC3)C4=CC=CC=C4OC)/O)C)C(=O)OC,0,1
CC1=NC2=C(C(=NN2C(=C1)NCCCN3C=CN=C3)C)C4=CC=CC=C4,0,2
COC1=CC=C(C=C1)N2C(=O)CSC23C4=CC=CC5=C4N(C3=O)CCC5,0,2
COC(=O)COC1=NN(C(=O)C=C1)C2=CC=CC=C2,0,2
COC1=CC=C(C=C1)S(=O)(=O)N(CC(=O)N2CCN(CC2)C3=CC=CC=C3)C4=CC=CC=C4,0,1
CN1C2=CC=CC3=C2C(=C(C1=O)NCCO)C4=CC=CC=C4C3=O,0,2
C1CN(CCN1C2=CC=CC=C2F)C3=NC4=C(C(=O)S3)SC=C4,0,1
COC1=CC=CC(=C1)NC(=O)CN2C(=C(N=N2)C(=O)NC3=CC=CC=C3)N,0,2
CCCOC1=C(C=C(C=C1)C(=O)C)CSCCC#N,0,1
C1COCCN1C(=O)CN2C(=NC(=N2)Cl)Cl,0,2
C1=CN=C(N=C1)SCC(=O)NN2C=NN=C2,0,1
CC1=CC=C(C=C1)N2C(=O)[C@H]3[C@@H](C2=O)[C@@H]4[C@@H]5[C@H]([C@H]3O4)C(=NO5)C6=C(C=C(C=C6)Cl)Cl,0,1
CCCN(CCC)S(=O)(=O)C1=CC=C(C=C1)C(=O)NCC2=CC3=C(C=C2)OCO3,0,1
C1COCCN1S(=O)(=O)C2=CC3=C(C=C2)NC=C(C3=O)C(=O)NCC4COC5=CC=CC=C5O4,0,2
COC(=O)C1=CC=C(C=C1)N2C(=O)CC(C2=O)SCCN,0,1
CC1=CC2=C(C=C1C)N3C(=NN=N3)C(=C2)CN(CC4=CC5=C(C=C4)OCO5)C(=O)C6=NC=CN=C6,0,1
CCN1C(=NN=C1SCC(=O)NC2=CC=CC(=C2)C(=O)C)C(C)C,0,1
CC1=C(OC(=N1)C)C(=O)NC2=CC(=CC=C2)Cl,0,2
CC12CC(C3=C(O1)C(=CC=C3)OC)N(C(=S)N2C4=CC=C(C=C4)F)C(=O)C5=CC=CO5,0,2
CS(=O)(=O)C1=CC2=C(C=C1)N=C(S2)NC(C(F)(F)F)(C(F)(F)F)NC(=O)C3=CC=CO3,0,2
CC1=C(C(=NO1)C)S(=O)(=O)N(CC(=O)NCC2=CC=CC=C2)C3=CC=C(C=C3)OC,0,1
C1CC(N(C1)S(=O)(=O)C2=CC3=C(C=C2)NC(=O)CC3)C(=O)N4CCN(CC4)C5=CC=CC=C5F,0,1
CC1=C(C(=NC(=S)N1C2=CC=CC=C2)N3CCCC3)C(=O)C,0,2
C1=CC=C2C(=C1)N=C(S2)C3=CSC(=N3)NC(=O)C4=CC=CO4,0,2
C1C(C(=O)N(C1=O)CC2=CC3=C(C=C2)OCO3)NCC4=CC5=C(C=C4)OCO5,0,1
COC1=CC(=C(C=C1)NC(=O)CSC2=NC3=C(C(=O)N2C4=CC=CC=C4)SCC3)OC,0,1
CC(CN1CCN(CC1)C)OC(=O)C2=CC=C(C=C2)Cl.Cl,0,1
CC1=C(C(=NO1)C)S(=O)(=O)N(CC(=O)NC2=C(C=CC(=C2)Cl)OC)C3=CC=C(C=C3)OC,0,2
CCCCN(C)C(=O)C1=CN(C2=C(C1=O)C=CC(=N2)C)CC,0,1
C1CCC(CC1)NC(=O)C(C2=CC=CC=C2)N(C3=CC4=C(C=C3)OCO4)C(=O)C5=CC=CS5,0,2
COC1=C(C=C(C=C1)/C=N/NC(=O)C(=O)NC2=CC=CC=N2)OC,0,2
CC1(CC2=C(CO1)C(=NC(=C2C#N)N3CCCC3)C4=CC=CO4)C,0,1
CC1=C(C(=NC2=NC(=NN12)SCC(=O)NCC3=CC=CO3)C)CC4=C(C=CC=C4Cl)F,0,2
CC1CC2=CC=CC=C2N1C(=O)CSC3=NN=NN3C4=CC5=C(C=C4)OCCO5,0,1
CCOC(=O)C1=C(NC(=O)N1)COC(=O)C2=CC3=CC=CC=C3O2,0,1
C1COCCN1S(=O)(=O)C2=CC=CC(=C2)C(=O)NC3=CN=CC=C3,0,1
C1COC(=O)C1OC(=O)C2=CC(=CN=C2)Br,0,1
CC1=CC=CC=C1NC(=O)CCN2CCN(CC2)CC3=CC=CC=C3,0,2
CC1=C(C2=C(O1)C=CC(=C2)OC(=O)C3=CC=CS3)C(=O)OC,0,1
COC1=CC=CC(=C1)C(=O)NC2=NC(=CS2)C3=CC4=C(C=C3)OCO4,0,1
C1CCCN(CC1)C(=O)C2=C3N=C(C=C(N3N=C2)C(F)(F)F)C4=CC=CO4,0,1
CC1=CC(=C(C2=C(C=C(N=C12)C)NC3=CC=CC=C3)[N+](=O)[O-])C,0,1
COC1=CC=C(C=C1)NC(=O)NC2=CC(=C(C=C2C(=O)OC)OC)OC,0,1
COC1=CC=CC(=C1)N2C(=O)C(=CNC2=O)C(=O)NC3=CC4=C(C=C3)OCCO4,0,1
CCOC(=O)C1C(CC(=CC1=O)C2=CC=C(C=C2)OC)C3=CC=CO3,0,2
C1=CC=C(C=C1)COC(=O)C2=CC=CC(=C2)C3=NN=C(O3)C4=CC=CC=C4,0,2
C1CCCN(CC1)C(C2=CC=CS2)C3=NN=NN3CC4=CC=CC=C4.Cl,0,1
CCCOC1=CC=C(C=C1)C2=NN(C=C2/C=C\3/C(=O)N(C(=S)S3)C4CCS(=O)(=O)C4)C5=CC=CC=C5,0,1
NNCCc1ccccc1.O=S(=O)(O)O,0,2
CCCCc1oc2ccccc2c1C(=O)c1cc(I)c(OCCN(CC)CC)c(I)c1.Cl,0,2
CCOP(=S)(OCC)Oc1ccc2c(C)c(Cl)c(=O)oc2c1,0,2
C#CCN(C)C(C)Cc1ccccc1.Cl,0,2
Cn1c(=O)c2c(ncn2CC(O)CO)n(C)c1=O,0,1
CCOC(=O)C(CCc1ccccc1)NC(C)C(=O)N1C(C(=O)O)CC2CCCCC21,0,2
O=C(OC1Cc2c(O)cc(O)cc2OC1c1cc(O)c(O)c(O)c1-c1c(C2Oc3cc(O)cc(O)c3CC2OC(=O)c2cc(O)c(O)c(O)c2)cc(O)c(O)c1O)c1cc(O)c(O)c(O)c1,0,2
O=C(O)C(O)C(O)C(O)C(O)C(=O)O,0,2
C[N+](C)(C)CCOC(N)=O.[Cl-],0,2
CC[N+](C)(C)c1cccc(O)c1.[Cl-],0,1
O=C(O)CSCC(=O)NC1CCSC1=O,0,1
CC(=O)OC1C2CCC3C(C)(O)C4CC(O)C(C)(C)C4(O)C(O)CC13CC2(C)O,0,1
CC12CCC3c4ccc(O)cc4CCC3C1CCC2OC(=O)CCC1CCCC1,0,1
Nc1nc(NC2CC2)c2ncn(C3C=CC(CO)C3)c2n1.O=S(=O)(O)O,0,1